Date,Year,MonthNumber,MonthName,Quarter,YearMonth
7/1/2022 0:00,2022,7,July,Q3,2022-07
7/2/2022 0:00,2022,7,July,Q3,2022-07
7/3/2022 0:00,2022,7,July,Q3,2022-07
7/4/2022 0:00,2022,7,July,Q3,2022-07
7/5/2022 0:00,2022,7,July,Q3,2022-07
7/6/2022 0:00,2022,7,July,Q3,2022-07
7/7/2022 0:00,2022,7,July,Q3,2022-07
7/8/2022 0:00,2022,7,July,Q3,2022-07
7/9/2022 0:00,2022,7,July,Q3,2022-07
7/10/2022 0:00,2022,7,July,Q3,2022-07
7/11/2022 0:00,2022,7,July,Q3,2022-07
7/12/2022 0:00,2022,7,July,Q3,2022-07
7/13/2022 0:00,2022,7,July,Q3,2022-07
7/14/2022 0:00,2022,7,July,Q3,2022-07
7/15/2022 0:00,2022,7,July,Q3,2022-07
7/16/2022 0:00,2022,7,July,Q3,2022-07
7/17/2022 0:00,2022,7,July,Q3,2022-07
7/18/2022 0:00,2022,7,July,Q3,2022-07
7/19/2022 0:00,2022,7,July,Q3,2022-07
7/20/2022 0:00,2022,7,July,Q3,2022-07
7/21/2022 0:00,2022,7,July,Q3,2022-07
7/22/2022 0:00,2022,7,July,Q3,2022-07
7/23/2022 0:00,2022,7,July,Q3,2022-07
7/24/2022 0:00,2022,7,July,Q3,2022-07
7/25/2022 0:00,2022,7,July,Q3,2022-07
7/26/2022 0:00,2022,7,July,Q3,2022-07
7/27/2022 0:00,2022,7,July,Q3,2022-07
7/28/2022 0:00,2022,7,July,Q3,2022-07
7/29/2022 0:00,2022,7,July,Q3,2022-07
7/30/2022 0:00,2022,7,July,Q3,2022-07
7/31/2022 0:00,2022,7,July,Q3,2022-07
7/1/2023 0:00,2023,7,July,Q3,2023-07
7/2/2023 0:00,2023,7,July,Q3,2023-07
7/3/2023 0:00,2023,7,July,Q3,2023-07
7/4/2023 0:00,2023,7,July,Q3,2023-07
7/5/2023 0:00,2023,7,July,Q3,2023-07
7/6/2023 0:00,2023,7,July,Q3,2023-07
7/7/2023 0:00,2023,7,July,Q3,2023-07
7/8/2023 0:00,2023,7,July,Q3,2023-07
7/9/2023 0:00,2023,7,July,Q3,2023-07
7/10/2023 0:00,2023,7,July,Q3,2023-07
7/11/2023 0:00,2023,7,July,Q3,2023-07
7/12/2023 0:00,2023,7,July,Q3,2023-07
7/13/2023 0:00,2023,7,July,Q3,2023-07
7/14/2023 0:00,2023,7,July,Q3,2023-07
7/15/2023 0:00,2023,7,July,Q3,2023-07
7/16/2023 0:00,2023,7,July,Q3,2023-07
7/17/2023 0:00,2023,7,July,Q3,2023-07
7/18/2023 0:00,2023,7,July,Q3,2023-07
7/19/2023 0:00,2023,7,July,Q3,2023-07
7/20/2023 0:00,2023,7,July,Q3,2023-07
7/21/2023 0:00,2023,7,July,Q3,2023-07
7/22/2023 0:00,2023,7,July,Q3,2023-07
7/23/2023 0:00,2023,7,July,Q3,2023-07
7/24/2023 0:00,2023,7,July,Q3,2023-07
7/25/2023 0:00,2023,7,July,Q3,2023-07
7/26/2023 0:00,2023,7,July,Q3,2023-07
7/27/2023 0:00,2023,7,July,Q3,2023-07
7/28/2023 0:00,2023,7,July,Q3,2023-07
7/29/2023 0:00,2023,7,July,Q3,2023-07
7/30/2023 0:00,2023,7,July,Q3,2023-07
7/31/2023 0:00,2023,7,July,Q3,2023-07
7/1/2024 0:00,2024,7,July,Q3,2024-07
7/2/2024 0:00,2024,7,July,Q3,2024-07
7/3/2024 0:00,2024,7,July,Q3,2024-07
7/4/2024 0:00,2024,7,July,Q3,2024-07
7/5/2024 0:00,2024,7,July,Q3,2024-07
7/6/2024 0:00,2024,7,July,Q3,2024-07
7/7/2024 0:00,2024,7,July,Q3,2024-07
7/8/2024 0:00,2024,7,July,Q3,2024-07
7/9/2024 0:00,2024,7,July,Q3,2024-07
7/10/2024 0:00,2024,7,July,Q3,2024-07
7/11/2024 0:00,2024,7,July,Q3,2024-07
7/12/2024 0:00,2024,7,July,Q3,2024-07
7/13/2024 0:00,2024,7,July,Q3,2024-07
7/14/2024 0:00,2024,7,July,Q3,2024-07
7/15/2024 0:00,2024,7,July,Q3,2024-07
7/16/2024 0:00,2024,7,July,Q3,2024-07
7/17/2024 0:00,2024,7,July,Q3,2024-07
7/18/2024 0:00,2024,7,July,Q3,2024-07
7/19/2024 0:00,2024,7,July,Q3,2024-07
7/20/2024 0:00,2024,7,July,Q3,2024-07
7/21/2024 0:00,2024,7,July,Q3,2024-07
7/22/2024 0:00,2024,7,July,Q3,2024-07
7/23/2024 0:00,2024,7,July,Q3,2024-07
7/24/2024 0:00,2024,7,July,Q3,2024-07
7/25/2024 0:00,2024,7,July,Q3,2024-07
7/26/2024 0:00,2024,7,July,Q3,2024-07
7/27/2024 0:00,2024,7,July,Q3,2024-07
7/28/2024 0:00,2024,7,July,Q3,2024-07
7/29/2024 0:00,2024,7,July,Q3,2024-07
7/30/2024 0:00,2024,7,July,Q3,2024-07
7/31/2024 0:00,2024,7,July,Q3,2024-07
7/1/2025 0:00,2025,7,July,Q3,2025-07
7/2/2025 0:00,2025,7,July,Q3,2025-07
7/3/2025 0:00,2025,7,July,Q3,2025-07
7/4/2025 0:00,2025,7,July,Q3,2025-07
7/5/2025 0:00,2025,7,July,Q3,2025-07
7/6/2025 0:00,2025,7,July,Q3,2025-07
7/7/2025 0:00,2025,7,July,Q3,2025-07
7/8/2025 0:00,2025,7,July,Q3,2025-07
7/9/2025 0:00,2025,7,July,Q3,2025-07
7/10/2025 0:00,2025,7,July,Q3,2025-07
7/11/2025 0:00,2025,7,July,Q3,2025-07
7/12/2025 0:00,2025,7,July,Q3,2025-07
7/13/2025 0:00,2025,7,July,Q3,2025-07
7/14/2025 0:00,2025,7,July,Q3,2025-07
7/15/2025 0:00,2025,7,July,Q3,2025-07
7/16/2025 0:00,2025,7,July,Q3,2025-07
7/17/2025 0:00,2025,7,July,Q3,2025-07
7/18/2025 0:00,2025,7,July,Q3,2025-07
7/19/2025 0:00,2025,7,July,Q3,2025-07
7/20/2025 0:00,2025,7,July,Q3,2025-07
7/21/2025 0:00,2025,7,July,Q3,2025-07
7/22/2025 0:00,2025,7,July,Q3,2025-07
7/23/2025 0:00,2025,7,July,Q3,2025-07
7/24/2025 0:00,2025,7,July,Q3,2025-07
7/25/2025 0:00,2025,7,July,Q3,2025-07
7/26/2025 0:00,2025,7,July,Q3,2025-07
7/27/2025 0:00,2025,7,July,Q3,2025-07
7/28/2025 0:00,2025,7,July,Q3,2025-07
7/29/2025 0:00,2025,7,July,Q3,2025-07
7/30/2025 0:00,2025,7,July,Q3,2025-07
7/31/2025 0:00,2025,7,July,Q3,2025-07
8/1/2022 0:00,2022,8,August,Q3,2022-08
8/2/2022 0:00,2022,8,August,Q3,2022-08
8/3/2022 0:00,2022,8,August,Q3,2022-08
8/4/2022 0:00,2022,8,August,Q3,2022-08
8/5/2022 0:00,2022,8,August,Q3,2022-08
8/6/2022 0:00,2022,8,August,Q3,2022-08
8/7/2022 0:00,2022,8,August,Q3,2022-08
8/8/2022 0:00,2022,8,August,Q3,2022-08
8/9/2022 0:00,2022,8,August,Q3,2022-08
8/10/2022 0:00,2022,8,August,Q3,2022-08
8/11/2022 0:00,2022,8,August,Q3,2022-08
8/12/2022 0:00,2022,8,August,Q3,2022-08
8/13/2022 0:00,2022,8,August,Q3,2022-08
8/14/2022 0:00,2022,8,August,Q3,2022-08
8/15/2022 0:00,2022,8,August,Q3,2022-08
8/16/2022 0:00,2022,8,August,Q3,2022-08
8/17/2022 0:00,2022,8,August,Q3,2022-08
8/18/2022 0:00,2022,8,August,Q3,2022-08
8/19/2022 0:00,2022,8,August,Q3,2022-08
8/20/2022 0:00,2022,8,August,Q3,2022-08
8/21/2022 0:00,2022,8,August,Q3,2022-08
8/22/2022 0:00,2022,8,August,Q3,2022-08
8/23/2022 0:00,2022,8,August,Q3,2022-08
8/24/2022 0:00,2022,8,August,Q3,2022-08
8/25/2022 0:00,2022,8,August,Q3,2022-08
8/26/2022 0:00,2022,8,August,Q3,2022-08
8/27/2022 0:00,2022,8,August,Q3,2022-08
8/28/2022 0:00,2022,8,August,Q3,2022-08
8/29/2022 0:00,2022,8,August,Q3,2022-08
8/30/2022 0:00,2022,8,August,Q3,2022-08
8/31/2022 0:00,2022,8,August,Q3,2022-08
8/1/2023 0:00,2023,8,August,Q3,2023-08
8/2/2023 0:00,2023,8,August,Q3,2023-08
8/3/2023 0:00,2023,8,August,Q3,2023-08
8/4/2023 0:00,2023,8,August,Q3,2023-08
8/5/2023 0:00,2023,8,August,Q3,2023-08
8/6/2023 0:00,2023,8,August,Q3,2023-08
8/7/2023 0:00,2023,8,August,Q3,2023-08
8/8/2023 0:00,2023,8,August,Q3,2023-08
8/9/2023 0:00,2023,8,August,Q3,2023-08
8/10/2023 0:00,2023,8,August,Q3,2023-08
8/11/2023 0:00,2023,8,August,Q3,2023-08
8/12/2023 0:00,2023,8,August,Q3,2023-08
8/13/2023 0:00,2023,8,August,Q3,2023-08
8/14/2023 0:00,2023,8,August,Q3,2023-08
8/15/2023 0:00,2023,8,August,Q3,2023-08
8/16/2023 0:00,2023,8,August,Q3,2023-08
8/17/2023 0:00,2023,8,August,Q3,2023-08
8/18/2023 0:00,2023,8,August,Q3,2023-08
8/19/2023 0:00,2023,8,August,Q3,2023-08
8/20/2023 0:00,2023,8,August,Q3,2023-08
8/21/2023 0:00,2023,8,August,Q3,2023-08
8/22/2023 0:00,2023,8,August,Q3,2023-08
8/23/2023 0:00,2023,8,August,Q3,2023-08
8/24/2023 0:00,2023,8,August,Q3,2023-08
8/25/2023 0:00,2023,8,August,Q3,2023-08
8/26/2023 0:00,2023,8,August,Q3,2023-08
8/27/2023 0:00,2023,8,August,Q3,2023-08
8/28/2023 0:00,2023,8,August,Q3,2023-08
8/29/2023 0:00,2023,8,August,Q3,2023-08
8/30/2023 0:00,2023,8,August,Q3,2023-08
8/31/2023 0:00,2023,8,August,Q3,2023-08
8/1/2024 0:00,2024,8,August,Q3,2024-08
8/2/2024 0:00,2024,8,August,Q3,2024-08
8/3/2024 0:00,2024,8,August,Q3,2024-08
8/4/2024 0:00,2024,8,August,Q3,2024-08
8/5/2024 0:00,2024,8,August,Q3,2024-08
8/6/2024 0:00,2024,8,August,Q3,2024-08
8/7/2024 0:00,2024,8,August,Q3,2024-08
8/8/2024 0:00,2024,8,August,Q3,2024-08
8/9/2024 0:00,2024,8,August,Q3,2024-08
8/10/2024 0:00,2024,8,August,Q3,2024-08
8/11/2024 0:00,2024,8,August,Q3,2024-08
8/12/2024 0:00,2024,8,August,Q3,2024-08
8/13/2024 0:00,2024,8,August,Q3,2024-08
8/14/2024 0:00,2024,8,August,Q3,2024-08
8/15/2024 0:00,2024,8,August,Q3,2024-08
8/16/2024 0:00,2024,8,August,Q3,2024-08
8/17/2024 0:00,2024,8,August,Q3,2024-08
8/18/2024 0:00,2024,8,August,Q3,2024-08
8/19/2024 0:00,2024,8,August,Q3,2024-08
8/20/2024 0:00,2024,8,August,Q3,2024-08
8/21/2024 0:00,2024,8,August,Q3,2024-08
8/22/2024 0:00,2024,8,August,Q3,2024-08
8/23/2024 0:00,2024,8,August,Q3,2024-08
8/24/2024 0:00,2024,8,August,Q3,2024-08
8/25/2024 0:00,2024,8,August,Q3,2024-08
8/26/2024 0:00,2024,8,August,Q3,2024-08
8/27/2024 0:00,2024,8,August,Q3,2024-08
8/28/2024 0:00,2024,8,August,Q3,2024-08
8/29/2024 0:00,2024,8,August,Q3,2024-08
8/30/2024 0:00,2024,8,August,Q3,2024-08
8/31/2024 0:00,2024,8,August,Q3,2024-08
8/1/2025 0:00,2025,8,August,Q3,2025-08
8/2/2025 0:00,2025,8,August,Q3,2025-08
8/3/2025 0:00,2025,8,August,Q3,2025-08
8/4/2025 0:00,2025,8,August,Q3,2025-08
8/5/2025 0:00,2025,8,August,Q3,2025-08
8/6/2025 0:00,2025,8,August,Q3,2025-08
8/7/2025 0:00,2025,8,August,Q3,2025-08
8/8/2025 0:00,2025,8,August,Q3,2025-08
8/9/2025 0:00,2025,8,August,Q3,2025-08
8/10/2025 0:00,2025,8,August,Q3,2025-08
8/11/2025 0:00,2025,8,August,Q3,2025-08
8/12/2025 0:00,2025,8,August,Q3,2025-08
8/13/2025 0:00,2025,8,August,Q3,2025-08
8/14/2025 0:00,2025,8,August,Q3,2025-08
8/15/2025 0:00,2025,8,August,Q3,2025-08
8/16/2025 0:00,2025,8,August,Q3,2025-08
8/17/2025 0:00,2025,8,August,Q3,2025-08
8/18/2025 0:00,2025,8,August,Q3,2025-08
8/19/2025 0:00,2025,8,August,Q3,2025-08
8/20/2025 0:00,2025,8,August,Q3,2025-08
8/21/2025 0:00,2025,8,August,Q3,2025-08
8/22/2025 0:00,2025,8,August,Q3,2025-08
8/23/2025 0:00,2025,8,August,Q3,2025-08
8/24/2025 0:00,2025,8,August,Q3,2025-08
8/25/2025 0:00,2025,8,August,Q3,2025-08
8/26/2025 0:00,2025,8,August,Q3,2025-08
8/27/2025 0:00,2025,8,August,Q3,2025-08
8/28/2025 0:00,2025,8,August,Q3,2025-08
8/29/2025 0:00,2025,8,August,Q3,2025-08
8/30/2025 0:00,2025,8,August,Q3,2025-08
8/31/2025 0:00,2025,8,August,Q3,2025-08
9/1/2022 0:00,2022,9,September,Q3,2022-09
9/2/2022 0:00,2022,9,September,Q3,2022-09
9/3/2022 0:00,2022,9,September,Q3,2022-09
9/4/2022 0:00,2022,9,September,Q3,2022-09
9/5/2022 0:00,2022,9,September,Q3,2022-09
9/6/2022 0:00,2022,9,September,Q3,2022-09
9/7/2022 0:00,2022,9,September,Q3,2022-09
9/8/2022 0:00,2022,9,September,Q3,2022-09
9/9/2022 0:00,2022,9,September,Q3,2022-09
9/10/2022 0:00,2022,9,September,Q3,2022-09
9/11/2022 0:00,2022,9,September,Q3,2022-09
9/12/2022 0:00,2022,9,September,Q3,2022-09
9/13/2022 0:00,2022,9,September,Q3,2022-09
9/14/2022 0:00,2022,9,September,Q3,2022-09
9/15/2022 0:00,2022,9,September,Q3,2022-09
9/16/2022 0:00,2022,9,September,Q3,2022-09
9/17/2022 0:00,2022,9,September,Q3,2022-09
9/18/2022 0:00,2022,9,September,Q3,2022-09
9/19/2022 0:00,2022,9,September,Q3,2022-09
9/20/2022 0:00,2022,9,September,Q3,2022-09
9/21/2022 0:00,2022,9,September,Q3,2022-09
9/22/2022 0:00,2022,9,September,Q3,2022-09
9/23/2022 0:00,2022,9,September,Q3,2022-09
9/24/2022 0:00,2022,9,September,Q3,2022-09
9/25/2022 0:00,2022,9,September,Q3,2022-09
9/26/2022 0:00,2022,9,September,Q3,2022-09
9/27/2022 0:00,2022,9,September,Q3,2022-09
9/28/2022 0:00,2022,9,September,Q3,2022-09
9/29/2022 0:00,2022,9,September,Q3,2022-09
9/30/2022 0:00,2022,9,September,Q3,2022-09
9/1/2023 0:00,2023,9,September,Q3,2023-09
9/2/2023 0:00,2023,9,September,Q3,2023-09
9/3/2023 0:00,2023,9,September,Q3,2023-09
9/4/2023 0:00,2023,9,September,Q3,2023-09
9/5/2023 0:00,2023,9,September,Q3,2023-09
9/6/2023 0:00,2023,9,September,Q3,2023-09
9/7/2023 0:00,2023,9,September,Q3,2023-09
9/8/2023 0:00,2023,9,September,Q3,2023-09
9/9/2023 0:00,2023,9,September,Q3,2023-09
9/10/2023 0:00,2023,9,September,Q3,2023-09
9/11/2023 0:00,2023,9,September,Q3,2023-09
9/12/2023 0:00,2023,9,September,Q3,2023-09
9/13/2023 0:00,2023,9,September,Q3,2023-09
9/14/2023 0:00,2023,9,September,Q3,2023-09
9/15/2023 0:00,2023,9,September,Q3,2023-09
9/16/2023 0:00,2023,9,September,Q3,2023-09
9/17/2023 0:00,2023,9,September,Q3,2023-09
9/18/2023 0:00,2023,9,September,Q3,2023-09
9/19/2023 0:00,2023,9,September,Q3,2023-09
9/20/2023 0:00,2023,9,September,Q3,2023-09
9/21/2023 0:00,2023,9,September,Q3,2023-09
9/22/2023 0:00,2023,9,September,Q3,2023-09
9/23/2023 0:00,2023,9,September,Q3,2023-09
9/24/2023 0:00,2023,9,September,Q3,2023-09
9/25/2023 0:00,2023,9,September,Q3,2023-09
9/26/2023 0:00,2023,9,September,Q3,2023-09
9/27/2023 0:00,2023,9,September,Q3,2023-09
9/28/2023 0:00,2023,9,September,Q3,2023-09
9/29/2023 0:00,2023,9,September,Q3,2023-09
9/30/2023 0:00,2023,9,September,Q3,2023-09
9/1/2024 0:00,2024,9,September,Q3,2024-09
9/2/2024 0:00,2024,9,September,Q3,2024-09
9/3/2024 0:00,2024,9,September,Q3,2024-09
9/4/2024 0:00,2024,9,September,Q3,2024-09
9/5/2024 0:00,2024,9,September,Q3,2024-09
9/6/2024 0:00,2024,9,September,Q3,2024-09
9/7/2024 0:00,2024,9,September,Q3,2024-09
9/8/2024 0:00,2024,9,September,Q3,2024-09
9/9/2024 0:00,2024,9,September,Q3,2024-09
9/10/2024 0:00,2024,9,September,Q3,2024-09
9/11/2024 0:00,2024,9,September,Q3,2024-09
9/12/2024 0:00,2024,9,September,Q3,2024-09
9/13/2024 0:00,2024,9,September,Q3,2024-09
9/14/2024 0:00,2024,9,September,Q3,2024-09
9/15/2024 0:00,2024,9,September,Q3,2024-09
9/16/2024 0:00,2024,9,September,Q3,2024-09
9/17/2024 0:00,2024,9,September,Q3,2024-09
9/18/2024 0:00,2024,9,September,Q3,2024-09
9/19/2024 0:00,2024,9,September,Q3,2024-09
9/20/2024 0:00,2024,9,September,Q3,2024-09
9/21/2024 0:00,2024,9,September,Q3,2024-09
9/22/2024 0:00,2024,9,September,Q3,2024-09
9/23/2024 0:00,2024,9,September,Q3,2024-09
9/24/2024 0:00,2024,9,September,Q3,2024-09
9/25/2024 0:00,2024,9,September,Q3,2024-09
9/26/2024 0:00,2024,9,September,Q3,2024-09
9/27/2024 0:00,2024,9,September,Q3,2024-09
9/28/2024 0:00,2024,9,September,Q3,2024-09
9/29/2024 0:00,2024,9,September,Q3,2024-09
9/30/2024 0:00,2024,9,September,Q3,2024-09
9/1/2025 0:00,2025,9,September,Q3,2025-09
9/2/2025 0:00,2025,9,September,Q3,2025-09
9/3/2025 0:00,2025,9,September,Q3,2025-09
9/4/2025 0:00,2025,9,September,Q3,2025-09
9/5/2025 0:00,2025,9,September,Q3,2025-09
9/6/2025 0:00,2025,9,September,Q3,2025-09
9/7/2025 0:00,2025,9,September,Q3,2025-09
9/8/2025 0:00,2025,9,September,Q3,2025-09
9/9/2025 0:00,2025,9,September,Q3,2025-09
9/10/2025 0:00,2025,9,September,Q3,2025-09
9/11/2025 0:00,2025,9,September,Q3,2025-09
9/12/2025 0:00,2025,9,September,Q3,2025-09
9/13/2025 0:00,2025,9,September,Q3,2025-09
9/14/2025 0:00,2025,9,September,Q3,2025-09
9/15/2025 0:00,2025,9,September,Q3,2025-09
9/16/2025 0:00,2025,9,September,Q3,2025-09
9/17/2025 0:00,2025,9,September,Q3,2025-09
9/18/2025 0:00,2025,9,September,Q3,2025-09
9/19/2025 0:00,2025,9,September,Q3,2025-09
9/20/2025 0:00,2025,9,September,Q3,2025-09
9/21/2025 0:00,2025,9,September,Q3,2025-09
9/22/2025 0:00,2025,9,September,Q3,2025-09
9/23/2025 0:00,2025,9,September,Q3,2025-09
9/24/2025 0:00,2025,9,September,Q3,2025-09
9/25/2025 0:00,2025,9,September,Q3,2025-09
9/26/2025 0:00,2025,9,September,Q3,2025-09
9/27/2025 0:00,2025,9,September,Q3,2025-09
9/28/2025 0:00,2025,9,September,Q3,2025-09
9/29/2025 0:00,2025,9,September,Q3,2025-09
9/30/2025 0:00,2025,9,September,Q3,2025-09
11/1/2022 0:00,2022,11,November,Q4,2022-11
11/2/2022 0:00,2022,11,November,Q4,2022-11
11/3/2022 0:00,2022,11,November,Q4,2022-11
11/4/2022 0:00,2022,11,November,Q4,2022-11
11/5/2022 0:00,2022,11,November,Q4,2022-11
11/6/2022 0:00,2022,11,November,Q4,2022-11
11/7/2022 0:00,2022,11,November,Q4,2022-11
11/8/2022 0:00,2022,11,November,Q4,2022-11
11/9/2022 0:00,2022,11,November,Q4,2022-11
11/10/2022 0:00,2022,11,November,Q4,2022-11
11/11/2022 0:00,2022,11,November,Q4,2022-11
11/12/2022 0:00,2022,11,November,Q4,2022-11
11/13/2022 0:00,2022,11,November,Q4,2022-11
11/14/2022 0:00,2022,11,November,Q4,2022-11
11/15/2022 0:00,2022,11,November,Q4,2022-11
11/16/2022 0:00,2022,11,November,Q4,2022-11
11/17/2022 0:00,2022,11,November,Q4,2022-11
11/18/2022 0:00,2022,11,November,Q4,2022-11
11/19/2022 0:00,2022,11,November,Q4,2022-11
11/20/2022 0:00,2022,11,November,Q4,2022-11
11/21/2022 0:00,2022,11,November,Q4,2022-11
11/22/2022 0:00,2022,11,November,Q4,2022-11
11/23/2022 0:00,2022,11,November,Q4,2022-11
11/24/2022 0:00,2022,11,November,Q4,2022-11
11/25/2022 0:00,2022,11,November,Q4,2022-11
11/26/2022 0:00,2022,11,November,Q4,2022-11
11/27/2022 0:00,2022,11,November,Q4,2022-11
11/28/2022 0:00,2022,11,November,Q4,2022-11
11/29/2022 0:00,2022,11,November,Q4,2022-11
11/30/2022 0:00,2022,11,November,Q4,2022-11
11/1/2023 0:00,2023,11,November,Q4,2023-11
11/2/2023 0:00,2023,11,November,Q4,2023-11
11/3/2023 0:00,2023,11,November,Q4,2023-11
11/4/2023 0:00,2023,11,November,Q4,2023-11
11/5/2023 0:00,2023,11,November,Q4,2023-11
11/6/2023 0:00,2023,11,November,Q4,2023-11
11/7/2023 0:00,2023,11,November,Q4,2023-11
11/8/2023 0:00,2023,11,November,Q4,2023-11
11/9/2023 0:00,2023,11,November,Q4,2023-11
11/10/2023 0:00,2023,11,November,Q4,2023-11
11/11/2023 0:00,2023,11,November,Q4,2023-11
11/12/2023 0:00,2023,11,November,Q4,2023-11
11/13/2023 0:00,2023,11,November,Q4,2023-11
11/14/2023 0:00,2023,11,November,Q4,2023-11
11/15/2023 0:00,2023,11,November,Q4,2023-11
11/16/2023 0:00,2023,11,November,Q4,2023-11
11/17/2023 0:00,2023,11,November,Q4,2023-11
11/18/2023 0:00,2023,11,November,Q4,2023-11
11/19/2023 0:00,2023,11,November,Q4,2023-11
11/20/2023 0:00,2023,11,November,Q4,2023-11
11/21/2023 0:00,2023,11,November,Q4,2023-11
11/22/2023 0:00,2023,11,November,Q4,2023-11
11/23/2023 0:00,2023,11,November,Q4,2023-11
11/24/2023 0:00,2023,11,November,Q4,2023-11
11/25/2023 0:00,2023,11,November,Q4,2023-11
11/26/2023 0:00,2023,11,November,Q4,2023-11
11/27/2023 0:00,2023,11,November,Q4,2023-11
11/28/2023 0:00,2023,11,November,Q4,2023-11
11/29/2023 0:00,2023,11,November,Q4,2023-11
11/30/2023 0:00,2023,11,November,Q4,2023-11
11/1/2024 0:00,2024,11,November,Q4,2024-11
11/2/2024 0:00,2024,11,November,Q4,2024-11
11/3/2024 0:00,2024,11,November,Q4,2024-11
11/4/2024 0:00,2024,11,November,Q4,2024-11
11/5/2024 0:00,2024,11,November,Q4,2024-11
11/6/2024 0:00,2024,11,November,Q4,2024-11
11/7/2024 0:00,2024,11,November,Q4,2024-11
11/8/2024 0:00,2024,11,November,Q4,2024-11
11/9/2024 0:00,2024,11,November,Q4,2024-11
11/10/2024 0:00,2024,11,November,Q4,2024-11
11/11/2024 0:00,2024,11,November,Q4,2024-11
11/12/2024 0:00,2024,11,November,Q4,2024-11
11/13/2024 0:00,2024,11,November,Q4,2024-11
11/14/2024 0:00,2024,11,November,Q4,2024-11
11/15/2024 0:00,2024,11,November,Q4,2024-11
11/16/2024 0:00,2024,11,November,Q4,2024-11
11/17/2024 0:00,2024,11,November,Q4,2024-11
11/18/2024 0:00,2024,11,November,Q4,2024-11
11/19/2024 0:00,2024,11,November,Q4,2024-11
11/20/2024 0:00,2024,11,November,Q4,2024-11
11/21/2024 0:00,2024,11,November,Q4,2024-11
11/22/2024 0:00,2024,11,November,Q4,2024-11
11/23/2024 0:00,2024,11,November,Q4,2024-11
11/24/2024 0:00,2024,11,November,Q4,2024-11
11/25/2024 0:00,2024,11,November,Q4,2024-11
11/26/2024 0:00,2024,11,November,Q4,2024-11
11/27/2024 0:00,2024,11,November,Q4,2024-11
11/28/2024 0:00,2024,11,November,Q4,2024-11
11/29/2024 0:00,2024,11,November,Q4,2024-11
11/30/2024 0:00,2024,11,November,Q4,2024-11
11/1/2025 0:00,2025,11,November,Q4,2025-11
11/2/2025 0:00,2025,11,November,Q4,2025-11
11/3/2025 0:00,2025,11,November,Q4,2025-11
11/4/2025 0:00,2025,11,November,Q4,2025-11
11/5/2025 0:00,2025,11,November,Q4,2025-11
11/6/2025 0:00,2025,11,November,Q4,2025-11
11/7/2025 0:00,2025,11,November,Q4,2025-11
11/8/2025 0:00,2025,11,November,Q4,2025-11
11/9/2025 0:00,2025,11,November,Q4,2025-11
11/10/2025 0:00,2025,11,November,Q4,2025-11
11/11/2025 0:00,2025,11,November,Q4,2025-11
11/12/2025 0:00,2025,11,November,Q4,2025-11
11/13/2025 0:00,2025,11,November,Q4,2025-11
11/14/2025 0:00,2025,11,November,Q4,2025-11
11/15/2025 0:00,2025,11,November,Q4,2025-11
11/16/2025 0:00,2025,11,November,Q4,2025-11
11/17/2025 0:00,2025,11,November,Q4,2025-11
11/18/2025 0:00,2025,11,November,Q4,2025-11
11/19/2025 0:00,2025,11,November,Q4,2025-11
11/20/2025 0:00,2025,11,November,Q4,2025-11
11/21/2025 0:00,2025,11,November,Q4,2025-11
11/22/2025 0:00,2025,11,November,Q4,2025-11
11/23/2025 0:00,2025,11,November,Q4,2025-11
11/24/2025 0:00,2025,11,November,Q4,2025-11
11/25/2025 0:00,2025,11,November,Q4,2025-11
11/26/2025 0:00,2025,11,November,Q4,2025-11
11/27/2025 0:00,2025,11,November,Q4,2025-11
11/28/2025 0:00,2025,11,November,Q4,2025-11
11/29/2025 0:00,2025,11,November,Q4,2025-11
11/30/2025 0:00,2025,11,November,Q4,2025-11
12/1/2022 0:00,2022,12,December,Q4,2022-12
12/2/2022 0:00,2022,12,December,Q4,2022-12
12/3/2022 0:00,2022,12,December,Q4,2022-12
12/4/2022 0:00,2022,12,December,Q4,2022-12
12/5/2022 0:00,2022,12,December,Q4,2022-12
12/6/2022 0:00,2022,12,December,Q4,2022-12
12/7/2022 0:00,2022,12,December,Q4,2022-12
12/8/2022 0:00,2022,12,December,Q4,2022-12
12/9/2022 0:00,2022,12,December,Q4,2022-12
12/10/2022 0:00,2022,12,December,Q4,2022-12
12/11/2022 0:00,2022,12,December,Q4,2022-12
12/12/2022 0:00,2022,12,December,Q4,2022-12
12/13/2022 0:00,2022,12,December,Q4,2022-12
12/14/2022 0:00,2022,12,December,Q4,2022-12
12/15/2022 0:00,2022,12,December,Q4,2022-12
12/16/2022 0:00,2022,12,December,Q4,2022-12
12/17/2022 0:00,2022,12,December,Q4,2022-12
12/18/2022 0:00,2022,12,December,Q4,2022-12
12/19/2022 0:00,2022,12,December,Q4,2022-12
12/20/2022 0:00,2022,12,December,Q4,2022-12
12/21/2022 0:00,2022,12,December,Q4,2022-12
12/22/2022 0:00,2022,12,December,Q4,2022-12
12/23/2022 0:00,2022,12,December,Q4,2022-12
12/24/2022 0:00,2022,12,December,Q4,2022-12
12/25/2022 0:00,2022,12,December,Q4,2022-12
12/26/2022 0:00,2022,12,December,Q4,2022-12
12/27/2022 0:00,2022,12,December,Q4,2022-12
12/28/2022 0:00,2022,12,December,Q4,2022-12
12/29/2022 0:00,2022,12,December,Q4,2022-12
12/30/2022 0:00,2022,12,December,Q4,2022-12
12/31/2022 0:00,2022,12,December,Q4,2022-12
12/1/2023 0:00,2023,12,December,Q4,2023-12
12/2/2023 0:00,2023,12,December,Q4,2023-12
12/3/2023 0:00,2023,12,December,Q4,2023-12
12/4/2023 0:00,2023,12,December,Q4,2023-12
12/5/2023 0:00,2023,12,December,Q4,2023-12
12/6/2023 0:00,2023,12,December,Q4,2023-12
12/7/2023 0:00,2023,12,December,Q4,2023-12
12/8/2023 0:00,2023,12,December,Q4,2023-12
12/9/2023 0:00,2023,12,December,Q4,2023-12
12/10/2023 0:00,2023,12,December,Q4,2023-12
12/11/2023 0:00,2023,12,December,Q4,2023-12
12/12/2023 0:00,2023,12,December,Q4,2023-12
12/13/2023 0:00,2023,12,December,Q4,2023-12
12/14/2023 0:00,2023,12,December,Q4,2023-12
12/15/2023 0:00,2023,12,December,Q4,2023-12
12/16/2023 0:00,2023,12,December,Q4,2023-12
12/17/2023 0:00,2023,12,December,Q4,2023-12
12/18/2023 0:00,2023,12,December,Q4,2023-12
12/19/2023 0:00,2023,12,December,Q4,2023-12
12/20/2023 0:00,2023,12,December,Q4,2023-12
12/21/2023 0:00,2023,12,December,Q4,2023-12
12/22/2023 0:00,2023,12,December,Q4,2023-12
12/23/2023 0:00,2023,12,December,Q4,2023-12
12/24/2023 0:00,2023,12,December,Q4,2023-12
12/25/2023 0:00,2023,12,December,Q4,2023-12
12/26/2023 0:00,2023,12,December,Q4,2023-12
12/27/2023 0:00,2023,12,December,Q4,2023-12
12/28/2023 0:00,2023,12,December,Q4,2023-12
12/29/2023 0:00,2023,12,December,Q4,2023-12
12/30/2023 0:00,2023,12,December,Q4,2023-12
12/31/2023 0:00,2023,12,December,Q4,2023-12
12/1/2024 0:00,2024,12,December,Q4,2024-12
12/2/2024 0:00,2024,12,December,Q4,2024-12
12/3/2024 0:00,2024,12,December,Q4,2024-12
12/4/2024 0:00,2024,12,December,Q4,2024-12
12/5/2024 0:00,2024,12,December,Q4,2024-12
12/6/2024 0:00,2024,12,December,Q4,2024-12
12/7/2024 0:00,2024,12,December,Q4,2024-12
12/8/2024 0:00,2024,12,December,Q4,2024-12
12/9/2024 0:00,2024,12,December,Q4,2024-12
12/10/2024 0:00,2024,12,December,Q4,2024-12
12/11/2024 0:00,2024,12,December,Q4,2024-12
12/12/2024 0:00,2024,12,December,Q4,2024-12
12/13/2024 0:00,2024,12,December,Q4,2024-12
12/14/2024 0:00,2024,12,December,Q4,2024-12
12/15/2024 0:00,2024,12,December,Q4,2024-12
12/16/2024 0:00,2024,12,December,Q4,2024-12
12/17/2024 0:00,2024,12,December,Q4,2024-12
12/18/2024 0:00,2024,12,December,Q4,2024-12
12/19/2024 0:00,2024,12,December,Q4,2024-12
12/20/2024 0:00,2024,12,December,Q4,2024-12
12/21/2024 0:00,2024,12,December,Q4,2024-12
12/22/2024 0:00,2024,12,December,Q4,2024-12
12/23/2024 0:00,2024,12,December,Q4,2024-12
12/24/2024 0:00,2024,12,December,Q4,2024-12
12/25/2024 0:00,2024,12,December,Q4,2024-12
12/26/2024 0:00,2024,12,December,Q4,2024-12
12/27/2024 0:00,2024,12,December,Q4,2024-12
12/28/2024 0:00,2024,12,December,Q4,2024-12
12/29/2024 0:00,2024,12,December,Q4,2024-12
12/30/2024 0:00,2024,12,December,Q4,2024-12
12/31/2024 0:00,2024,12,December,Q4,2024-12
12/1/2025 0:00,2025,12,December,Q4,2025-12
12/2/2025 0:00,2025,12,December,Q4,2025-12
12/3/2025 0:00,2025,12,December,Q4,2025-12
12/4/2025 0:00,2025,12,December,Q4,2025-12
12/5/2025 0:00,2025,12,December,Q4,2025-12
12/6/2025 0:00,2025,12,December,Q4,2025-12
12/7/2025 0:00,2025,12,December,Q4,2025-12
12/8/2025 0:00,2025,12,December,Q4,2025-12
12/9/2025 0:00,2025,12,December,Q4,2025-12
12/10/2025 0:00,2025,12,December,Q4,2025-12
12/11/2025 0:00,2025,12,December,Q4,2025-12
12/12/2025 0:00,2025,12,December,Q4,2025-12
12/13/2025 0:00,2025,12,December,Q4,2025-12
12/14/2025 0:00,2025,12,December,Q4,2025-12
12/15/2025 0:00,2025,12,December,Q4,2025-12
12/16/2025 0:00,2025,12,December,Q4,2025-12
12/17/2025 0:00,2025,12,December,Q4,2025-12
12/18/2025 0:00,2025,12,December,Q4,2025-12
12/19/2025 0:00,2025,12,December,Q4,2025-12
12/20/2025 0:00,2025,12,December,Q4,2025-12
12/21/2025 0:00,2025,12,December,Q4,2025-12
12/22/2025 0:00,2025,12,December,Q4,2025-12
12/23/2025 0:00,2025,12,December,Q4,2025-12
12/24/2025 0:00,2025,12,December,Q4,2025-12
12/25/2025 0:00,2025,12,December,Q4,2025-12
12/26/2025 0:00,2025,12,December,Q4,2025-12
12/27/2025 0:00,2025,12,December,Q4,2025-12
12/28/2025 0:00,2025,12,December,Q4,2025-12
12/29/2025 0:00,2025,12,December,Q4,2025-12
12/30/2025 0:00,2025,12,December,Q4,2025-12
12/31/2025 0:00,2025,12,December,Q4,2025-12
10/1/2022 0:00,2022,10,October,Q4,2022-10
10/2/2022 0:00,2022,10,October,Q4,2022-10
10/3/2022 0:00,2022,10,October,Q4,2022-10
10/4/2022 0:00,2022,10,October,Q4,2022-10
10/5/2022 0:00,2022,10,October,Q4,2022-10
10/6/2022 0:00,2022,10,October,Q4,2022-10
10/7/2022 0:00,2022,10,October,Q4,2022-10
10/8/2022 0:00,2022,10,October,Q4,2022-10
10/9/2022 0:00,2022,10,October,Q4,2022-10
10/10/2022 0:00,2022,10,October,Q4,2022-10
10/11/2022 0:00,2022,10,October,Q4,2022-10
10/12/2022 0:00,2022,10,October,Q4,2022-10
10/13/2022 0:00,2022,10,October,Q4,2022-10
10/14/2022 0:00,2022,10,October,Q4,2022-10
10/15/2022 0:00,2022,10,October,Q4,2022-10
10/16/2022 0:00,2022,10,October,Q4,2022-10
10/17/2022 0:00,2022,10,October,Q4,2022-10
10/18/2022 0:00,2022,10,October,Q4,2022-10
10/19/2022 0:00,2022,10,October,Q4,2022-10
10/20/2022 0:00,2022,10,October,Q4,2022-10
10/21/2022 0:00,2022,10,October,Q4,2022-10
10/22/2022 0:00,2022,10,October,Q4,2022-10
10/23/2022 0:00,2022,10,October,Q4,2022-10
10/24/2022 0:00,2022,10,October,Q4,2022-10
10/25/2022 0:00,2022,10,October,Q4,2022-10
10/26/2022 0:00,2022,10,October,Q4,2022-10
10/27/2022 0:00,2022,10,October,Q4,2022-10
10/28/2022 0:00,2022,10,October,Q4,2022-10
10/29/2022 0:00,2022,10,October,Q4,2022-10
10/30/2022 0:00,2022,10,October,Q4,2022-10
10/31/2022 0:00,2022,10,October,Q4,2022-10
10/1/2023 0:00,2023,10,October,Q4,2023-10
10/2/2023 0:00,2023,10,October,Q4,2023-10
10/3/2023 0:00,2023,10,October,Q4,2023-10
10/4/2023 0:00,2023,10,October,Q4,2023-10
10/5/2023 0:00,2023,10,October,Q4,2023-10
10/6/2023 0:00,2023,10,October,Q4,2023-10
10/7/2023 0:00,2023,10,October,Q4,2023-10
10/8/2023 0:00,2023,10,October,Q4,2023-10
10/9/2023 0:00,2023,10,October,Q4,2023-10
10/10/2023 0:00,2023,10,October,Q4,2023-10
10/11/2023 0:00,2023,10,October,Q4,2023-10
10/12/2023 0:00,2023,10,October,Q4,2023-10
10/13/2023 0:00,2023,10,October,Q4,2023-10
10/14/2023 0:00,2023,10,October,Q4,2023-10
10/15/2023 0:00,2023,10,October,Q4,2023-10
10/16/2023 0:00,2023,10,October,Q4,2023-10
10/17/2023 0:00,2023,10,October,Q4,2023-10
10/18/2023 0:00,2023,10,October,Q4,2023-10
10/19/2023 0:00,2023,10,October,Q4,2023-10
10/20/2023 0:00,2023,10,October,Q4,2023-10
10/21/2023 0:00,2023,10,October,Q4,2023-10
10/22/2023 0:00,2023,10,October,Q4,2023-10
10/23/2023 0:00,2023,10,October,Q4,2023-10
10/24/2023 0:00,2023,10,October,Q4,2023-10
10/25/2023 0:00,2023,10,October,Q4,2023-10
10/26/2023 0:00,2023,10,October,Q4,2023-10
10/27/2023 0:00,2023,10,October,Q4,2023-10
10/28/2023 0:00,2023,10,October,Q4,2023-10
10/29/2023 0:00,2023,10,October,Q4,2023-10
10/30/2023 0:00,2023,10,October,Q4,2023-10
10/31/2023 0:00,2023,10,October,Q4,2023-10
10/1/2024 0:00,2024,10,October,Q4,2024-10
10/2/2024 0:00,2024,10,October,Q4,2024-10
10/3/2024 0:00,2024,10,October,Q4,2024-10
10/4/2024 0:00,2024,10,October,Q4,2024-10
10/5/2024 0:00,2024,10,October,Q4,2024-10
10/6/2024 0:00,2024,10,October,Q4,2024-10
10/7/2024 0:00,2024,10,October,Q4,2024-10
10/8/2024 0:00,2024,10,October,Q4,2024-10
10/9/2024 0:00,2024,10,October,Q4,2024-10
10/10/2024 0:00,2024,10,October,Q4,2024-10
10/11/2024 0:00,2024,10,October,Q4,2024-10
10/12/2024 0:00,2024,10,October,Q4,2024-10
10/13/2024 0:00,2024,10,October,Q4,2024-10
10/14/2024 0:00,2024,10,October,Q4,2024-10
10/15/2024 0:00,2024,10,October,Q4,2024-10
10/16/2024 0:00,2024,10,October,Q4,2024-10
10/17/2024 0:00,2024,10,October,Q4,2024-10
10/18/2024 0:00,2024,10,October,Q4,2024-10
10/19/2024 0:00,2024,10,October,Q4,2024-10
10/20/2024 0:00,2024,10,October,Q4,2024-10
10/21/2024 0:00,2024,10,October,Q4,2024-10
10/22/2024 0:00,2024,10,October,Q4,2024-10
10/23/2024 0:00,2024,10,October,Q4,2024-10
10/24/2024 0:00,2024,10,October,Q4,2024-10
10/25/2024 0:00,2024,10,October,Q4,2024-10
10/26/2024 0:00,2024,10,October,Q4,2024-10
10/27/2024 0:00,2024,10,October,Q4,2024-10
10/28/2024 0:00,2024,10,October,Q4,2024-10
10/29/2024 0:00,2024,10,October,Q4,2024-10
10/30/2024 0:00,2024,10,October,Q4,2024-10
10/31/2024 0:00,2024,10,October,Q4,2024-10
10/1/2025 0:00,2025,10,October,Q4,2025-10
10/2/2025 0:00,2025,10,October,Q4,2025-10
10/3/2025 0:00,2025,10,October,Q4,2025-10
10/4/2025 0:00,2025,10,October,Q4,2025-10
10/5/2025 0:00,2025,10,October,Q4,2025-10
10/6/2025 0:00,2025,10,October,Q4,2025-10
10/7/2025 0:00,2025,10,October,Q4,2025-10
10/8/2025 0:00,2025,10,October,Q4,2025-10
10/9/2025 0:00,2025,10,October,Q4,2025-10
10/10/2025 0:00,2025,10,October,Q4,2025-10
10/11/2025 0:00,2025,10,October,Q4,2025-10
10/12/2025 0:00,2025,10,October,Q4,2025-10
10/13/2025 0:00,2025,10,October,Q4,2025-10
10/14/2025 0:00,2025,10,October,Q4,2025-10
10/15/2025 0:00,2025,10,October,Q4,2025-10
10/16/2025 0:00,2025,10,October,Q4,2025-10
10/17/2025 0:00,2025,10,October,Q4,2025-10
10/18/2025 0:00,2025,10,October,Q4,2025-10
10/19/2025 0:00,2025,10,October,Q4,2025-10
10/20/2025 0:00,2025,10,October,Q4,2025-10
10/21/2025 0:00,2025,10,October,Q4,2025-10
10/22/2025 0:00,2025,10,October,Q4,2025-10
10/23/2025 0:00,2025,10,October,Q4,2025-10
10/24/2025 0:00,2025,10,October,Q4,2025-10
10/25/2025 0:00,2025,10,October,Q4,2025-10
10/26/2025 0:00,2025,10,October,Q4,2025-10
10/27/2025 0:00,2025,10,October,Q4,2025-10
10/28/2025 0:00,2025,10,October,Q4,2025-10
10/29/2025 0:00,2025,10,October,Q4,2025-10
10/30/2025 0:00,2025,10,October,Q4,2025-10
10/31/2025 0:00,2025,10,October,Q4,2025-10
5/1/2022 0:00,2022,5,May,Q2,2022-05
5/2/2022 0:00,2022,5,May,Q2,2022-05
5/3/2022 0:00,2022,5,May,Q2,2022-05
5/4/2022 0:00,2022,5,May,Q2,2022-05
5/5/2022 0:00,2022,5,May,Q2,2022-05
5/6/2022 0:00,2022,5,May,Q2,2022-05
5/7/2022 0:00,2022,5,May,Q2,2022-05
5/8/2022 0:00,2022,5,May,Q2,2022-05
5/9/2022 0:00,2022,5,May,Q2,2022-05
5/10/2022 0:00,2022,5,May,Q2,2022-05
5/11/2022 0:00,2022,5,May,Q2,2022-05
5/12/2022 0:00,2022,5,May,Q2,2022-05
5/13/2022 0:00,2022,5,May,Q2,2022-05
5/14/2022 0:00,2022,5,May,Q2,2022-05
5/15/2022 0:00,2022,5,May,Q2,2022-05
5/16/2022 0:00,2022,5,May,Q2,2022-05
5/17/2022 0:00,2022,5,May,Q2,2022-05
5/18/2022 0:00,2022,5,May,Q2,2022-05
5/19/2022 0:00,2022,5,May,Q2,2022-05
5/20/2022 0:00,2022,5,May,Q2,2022-05
5/21/2022 0:00,2022,5,May,Q2,2022-05
5/22/2022 0:00,2022,5,May,Q2,2022-05
5/23/2022 0:00,2022,5,May,Q2,2022-05
5/24/2022 0:00,2022,5,May,Q2,2022-05
5/25/2022 0:00,2022,5,May,Q2,2022-05
5/26/2022 0:00,2022,5,May,Q2,2022-05
5/27/2022 0:00,2022,5,May,Q2,2022-05
5/28/2022 0:00,2022,5,May,Q2,2022-05
5/29/2022 0:00,2022,5,May,Q2,2022-05
5/30/2022 0:00,2022,5,May,Q2,2022-05
5/31/2022 0:00,2022,5,May,Q2,2022-05
5/1/2023 0:00,2023,5,May,Q2,2023-05
5/2/2023 0:00,2023,5,May,Q2,2023-05
5/3/2023 0:00,2023,5,May,Q2,2023-05
5/4/2023 0:00,2023,5,May,Q2,2023-05
5/5/2023 0:00,2023,5,May,Q2,2023-05
5/6/2023 0:00,2023,5,May,Q2,2023-05
5/7/2023 0:00,2023,5,May,Q2,2023-05
5/8/2023 0:00,2023,5,May,Q2,2023-05
5/9/2023 0:00,2023,5,May,Q2,2023-05
5/10/2023 0:00,2023,5,May,Q2,2023-05
5/11/2023 0:00,2023,5,May,Q2,2023-05
5/12/2023 0:00,2023,5,May,Q2,2023-05
5/13/2023 0:00,2023,5,May,Q2,2023-05
5/14/2023 0:00,2023,5,May,Q2,2023-05
5/15/2023 0:00,2023,5,May,Q2,2023-05
5/16/2023 0:00,2023,5,May,Q2,2023-05
5/17/2023 0:00,2023,5,May,Q2,2023-05
5/18/2023 0:00,2023,5,May,Q2,2023-05
5/19/2023 0:00,2023,5,May,Q2,2023-05
5/20/2023 0:00,2023,5,May,Q2,2023-05
5/21/2023 0:00,2023,5,May,Q2,2023-05
5/22/2023 0:00,2023,5,May,Q2,2023-05
5/23/2023 0:00,2023,5,May,Q2,2023-05
5/24/2023 0:00,2023,5,May,Q2,2023-05
5/25/2023 0:00,2023,5,May,Q2,2023-05
5/26/2023 0:00,2023,5,May,Q2,2023-05
5/27/2023 0:00,2023,5,May,Q2,2023-05
5/28/2023 0:00,2023,5,May,Q2,2023-05
5/29/2023 0:00,2023,5,May,Q2,2023-05
5/30/2023 0:00,2023,5,May,Q2,2023-05
5/31/2023 0:00,2023,5,May,Q2,2023-05
5/1/2024 0:00,2024,5,May,Q2,2024-05
5/2/2024 0:00,2024,5,May,Q2,2024-05
5/3/2024 0:00,2024,5,May,Q2,2024-05
5/4/2024 0:00,2024,5,May,Q2,2024-05
5/5/2024 0:00,2024,5,May,Q2,2024-05
5/6/2024 0:00,2024,5,May,Q2,2024-05
5/7/2024 0:00,2024,5,May,Q2,2024-05
5/8/2024 0:00,2024,5,May,Q2,2024-05
5/9/2024 0:00,2024,5,May,Q2,2024-05
5/10/2024 0:00,2024,5,May,Q2,2024-05
5/11/2024 0:00,2024,5,May,Q2,2024-05
5/12/2024 0:00,2024,5,May,Q2,2024-05
5/13/2024 0:00,2024,5,May,Q2,2024-05
5/14/2024 0:00,2024,5,May,Q2,2024-05
5/15/2024 0:00,2024,5,May,Q2,2024-05
5/16/2024 0:00,2024,5,May,Q2,2024-05
5/17/2024 0:00,2024,5,May,Q2,2024-05
5/18/2024 0:00,2024,5,May,Q2,2024-05
5/19/2024 0:00,2024,5,May,Q2,2024-05
5/20/2024 0:00,2024,5,May,Q2,2024-05
5/21/2024 0:00,2024,5,May,Q2,2024-05
5/22/2024 0:00,2024,5,May,Q2,2024-05
5/23/2024 0:00,2024,5,May,Q2,2024-05
5/24/2024 0:00,2024,5,May,Q2,2024-05
5/25/2024 0:00,2024,5,May,Q2,2024-05
5/26/2024 0:00,2024,5,May,Q2,2024-05
5/27/2024 0:00,2024,5,May,Q2,2024-05
5/28/2024 0:00,2024,5,May,Q2,2024-05
5/29/2024 0:00,2024,5,May,Q2,2024-05
5/30/2024 0:00,2024,5,May,Q2,2024-05
5/31/2024 0:00,2024,5,May,Q2,2024-05
5/1/2025 0:00,2025,5,May,Q2,2025-05
5/2/2025 0:00,2025,5,May,Q2,2025-05
5/3/2025 0:00,2025,5,May,Q2,2025-05
5/4/2025 0:00,2025,5,May,Q2,2025-05
5/5/2025 0:00,2025,5,May,Q2,2025-05
5/6/2025 0:00,2025,5,May,Q2,2025-05
5/7/2025 0:00,2025,5,May,Q2,2025-05
5/8/2025 0:00,2025,5,May,Q2,2025-05
5/9/2025 0:00,2025,5,May,Q2,2025-05
5/10/2025 0:00,2025,5,May,Q2,2025-05
5/11/2025 0:00,2025,5,May,Q2,2025-05
5/12/2025 0:00,2025,5,May,Q2,2025-05
5/13/2025 0:00,2025,5,May,Q2,2025-05
5/14/2025 0:00,2025,5,May,Q2,2025-05
5/15/2025 0:00,2025,5,May,Q2,2025-05
5/16/2025 0:00,2025,5,May,Q2,2025-05
5/17/2025 0:00,2025,5,May,Q2,2025-05
5/18/2025 0:00,2025,5,May,Q2,2025-05
5/19/2025 0:00,2025,5,May,Q2,2025-05
5/20/2025 0:00,2025,5,May,Q2,2025-05
5/21/2025 0:00,2025,5,May,Q2,2025-05
5/22/2025 0:00,2025,5,May,Q2,2025-05
5/23/2025 0:00,2025,5,May,Q2,2025-05
5/24/2025 0:00,2025,5,May,Q2,2025-05
5/25/2025 0:00,2025,5,May,Q2,2025-05
5/26/2025 0:00,2025,5,May,Q2,2025-05
5/27/2025 0:00,2025,5,May,Q2,2025-05
5/28/2025 0:00,2025,5,May,Q2,2025-05
5/29/2025 0:00,2025,5,May,Q2,2025-05
5/30/2025 0:00,2025,5,May,Q2,2025-05
5/31/2025 0:00,2025,5,May,Q2,2025-05
4/1/2022 0:00,2022,4,April,Q2,2022-04
4/2/2022 0:00,2022,4,April,Q2,2022-04
4/3/2022 0:00,2022,4,April,Q2,2022-04
4/4/2022 0:00,2022,4,April,Q2,2022-04
4/5/2022 0:00,2022,4,April,Q2,2022-04
4/6/2022 0:00,2022,4,April,Q2,2022-04
4/7/2022 0:00,2022,4,April,Q2,2022-04
4/8/2022 0:00,2022,4,April,Q2,2022-04
4/9/2022 0:00,2022,4,April,Q2,2022-04
4/10/2022 0:00,2022,4,April,Q2,2022-04
4/11/2022 0:00,2022,4,April,Q2,2022-04
4/12/2022 0:00,2022,4,April,Q2,2022-04
4/13/2022 0:00,2022,4,April,Q2,2022-04
4/14/2022 0:00,2022,4,April,Q2,2022-04
4/15/2022 0:00,2022,4,April,Q2,2022-04
4/16/2022 0:00,2022,4,April,Q2,2022-04
4/17/2022 0:00,2022,4,April,Q2,2022-04
4/18/2022 0:00,2022,4,April,Q2,2022-04
4/19/2022 0:00,2022,4,April,Q2,2022-04
4/20/2022 0:00,2022,4,April,Q2,2022-04
4/21/2022 0:00,2022,4,April,Q2,2022-04
4/22/2022 0:00,2022,4,April,Q2,2022-04
4/23/2022 0:00,2022,4,April,Q2,2022-04
4/24/2022 0:00,2022,4,April,Q2,2022-04
4/25/2022 0:00,2022,4,April,Q2,2022-04
4/26/2022 0:00,2022,4,April,Q2,2022-04
4/27/2022 0:00,2022,4,April,Q2,2022-04
4/28/2022 0:00,2022,4,April,Q2,2022-04
4/29/2022 0:00,2022,4,April,Q2,2022-04
4/30/2022 0:00,2022,4,April,Q2,2022-04
4/1/2023 0:00,2023,4,April,Q2,2023-04
4/2/2023 0:00,2023,4,April,Q2,2023-04
4/3/2023 0:00,2023,4,April,Q2,2023-04
4/4/2023 0:00,2023,4,April,Q2,2023-04
4/5/2023 0:00,2023,4,April,Q2,2023-04
4/6/2023 0:00,2023,4,April,Q2,2023-04
4/7/2023 0:00,2023,4,April,Q2,2023-04
4/8/2023 0:00,2023,4,April,Q2,2023-04
4/9/2023 0:00,2023,4,April,Q2,2023-04
4/10/2023 0:00,2023,4,April,Q2,2023-04
4/11/2023 0:00,2023,4,April,Q2,2023-04
4/12/2023 0:00,2023,4,April,Q2,2023-04
4/13/2023 0:00,2023,4,April,Q2,2023-04
4/14/2023 0:00,2023,4,April,Q2,2023-04
4/15/2023 0:00,2023,4,April,Q2,2023-04
4/16/2023 0:00,2023,4,April,Q2,2023-04
4/17/2023 0:00,2023,4,April,Q2,2023-04
4/18/2023 0:00,2023,4,April,Q2,2023-04
4/19/2023 0:00,2023,4,April,Q2,2023-04
4/20/2023 0:00,2023,4,April,Q2,2023-04
4/21/2023 0:00,2023,4,April,Q2,2023-04
4/22/2023 0:00,2023,4,April,Q2,2023-04
4/23/2023 0:00,2023,4,April,Q2,2023-04
4/24/2023 0:00,2023,4,April,Q2,2023-04
4/25/2023 0:00,2023,4,April,Q2,2023-04
4/26/2023 0:00,2023,4,April,Q2,2023-04
4/27/2023 0:00,2023,4,April,Q2,2023-04
4/28/2023 0:00,2023,4,April,Q2,2023-04
4/29/2023 0:00,2023,4,April,Q2,2023-04
4/30/2023 0:00,2023,4,April,Q2,2023-04
4/1/2024 0:00,2024,4,April,Q2,2024-04
4/2/2024 0:00,2024,4,April,Q2,2024-04
4/3/2024 0:00,2024,4,April,Q2,2024-04
4/4/2024 0:00,2024,4,April,Q2,2024-04
4/5/2024 0:00,2024,4,April,Q2,2024-04
4/6/2024 0:00,2024,4,April,Q2,2024-04
4/7/2024 0:00,2024,4,April,Q2,2024-04
4/8/2024 0:00,2024,4,April,Q2,2024-04
4/9/2024 0:00,2024,4,April,Q2,2024-04
4/10/2024 0:00,2024,4,April,Q2,2024-04
4/11/2024 0:00,2024,4,April,Q2,2024-04
4/12/2024 0:00,2024,4,April,Q2,2024-04
4/13/2024 0:00,2024,4,April,Q2,2024-04
4/14/2024 0:00,2024,4,April,Q2,2024-04
4/15/2024 0:00,2024,4,April,Q2,2024-04
4/16/2024 0:00,2024,4,April,Q2,2024-04
4/17/2024 0:00,2024,4,April,Q2,2024-04
4/18/2024 0:00,2024,4,April,Q2,2024-04
4/19/2024 0:00,2024,4,April,Q2,2024-04
4/20/2024 0:00,2024,4,April,Q2,2024-04
4/21/2024 0:00,2024,4,April,Q2,2024-04
4/22/2024 0:00,2024,4,April,Q2,2024-04
4/23/2024 0:00,2024,4,April,Q2,2024-04
4/24/2024 0:00,2024,4,April,Q2,2024-04
4/25/2024 0:00,2024,4,April,Q2,2024-04
4/26/2024 0:00,2024,4,April,Q2,2024-04
4/27/2024 0:00,2024,4,April,Q2,2024-04
4/28/2024 0:00,2024,4,April,Q2,2024-04
4/29/2024 0:00,2024,4,April,Q2,2024-04
4/30/2024 0:00,2024,4,April,Q2,2024-04
4/1/2025 0:00,2025,4,April,Q2,2025-04
4/2/2025 0:00,2025,4,April,Q2,2025-04
4/3/2025 0:00,2025,4,April,Q2,2025-04
4/4/2025 0:00,2025,4,April,Q2,2025-04
4/5/2025 0:00,2025,4,April,Q2,2025-04
4/6/2025 0:00,2025,4,April,Q2,2025-04
4/7/2025 0:00,2025,4,April,Q2,2025-04
4/8/2025 0:00,2025,4,April,Q2,2025-04
4/9/2025 0:00,2025,4,April,Q2,2025-04
4/10/2025 0:00,2025,4,April,Q2,2025-04
4/11/2025 0:00,2025,4,April,Q2,2025-04
4/12/2025 0:00,2025,4,April,Q2,2025-04
4/13/2025 0:00,2025,4,April,Q2,2025-04
4/14/2025 0:00,2025,4,April,Q2,2025-04
4/15/2025 0:00,2025,4,April,Q2,2025-04
4/16/2025 0:00,2025,4,April,Q2,2025-04
4/17/2025 0:00,2025,4,April,Q2,2025-04
4/18/2025 0:00,2025,4,April,Q2,2025-04
4/19/2025 0:00,2025,4,April,Q2,2025-04
4/20/2025 0:00,2025,4,April,Q2,2025-04
4/21/2025 0:00,2025,4,April,Q2,2025-04
4/22/2025 0:00,2025,4,April,Q2,2025-04
4/23/2025 0:00,2025,4,April,Q2,2025-04
4/24/2025 0:00,2025,4,April,Q2,2025-04
4/25/2025 0:00,2025,4,April,Q2,2025-04
4/26/2025 0:00,2025,4,April,Q2,2025-04
4/27/2025 0:00,2025,4,April,Q2,2025-04
4/28/2025 0:00,2025,4,April,Q2,2025-04
4/29/2025 0:00,2025,4,April,Q2,2025-04
4/30/2025 0:00,2025,4,April,Q2,2025-04
6/1/2022 0:00,2022,6,June,Q2,2022-06
6/2/2022 0:00,2022,6,June,Q2,2022-06
6/3/2022 0:00,2022,6,June,Q2,2022-06
6/4/2022 0:00,2022,6,June,Q2,2022-06
6/5/2022 0:00,2022,6,June,Q2,2022-06
6/6/2022 0:00,2022,6,June,Q2,2022-06
6/7/2022 0:00,2022,6,June,Q2,2022-06
6/8/2022 0:00,2022,6,June,Q2,2022-06
6/9/2022 0:00,2022,6,June,Q2,2022-06
6/10/2022 0:00,2022,6,June,Q2,2022-06
6/11/2022 0:00,2022,6,June,Q2,2022-06
6/12/2022 0:00,2022,6,June,Q2,2022-06
6/13/2022 0:00,2022,6,June,Q2,2022-06
6/14/2022 0:00,2022,6,June,Q2,2022-06
6/15/2022 0:00,2022,6,June,Q2,2022-06
6/16/2022 0:00,2022,6,June,Q2,2022-06
6/17/2022 0:00,2022,6,June,Q2,2022-06
6/18/2022 0:00,2022,6,June,Q2,2022-06
6/19/2022 0:00,2022,6,June,Q2,2022-06
6/20/2022 0:00,2022,6,June,Q2,2022-06
6/21/2022 0:00,2022,6,June,Q2,2022-06
6/22/2022 0:00,2022,6,June,Q2,2022-06
6/23/2022 0:00,2022,6,June,Q2,2022-06
6/24/2022 0:00,2022,6,June,Q2,2022-06
6/25/2022 0:00,2022,6,June,Q2,2022-06
6/26/2022 0:00,2022,6,June,Q2,2022-06
6/27/2022 0:00,2022,6,June,Q2,2022-06
6/28/2022 0:00,2022,6,June,Q2,2022-06
6/29/2022 0:00,2022,6,June,Q2,2022-06
6/30/2022 0:00,2022,6,June,Q2,2022-06
6/1/2023 0:00,2023,6,June,Q2,2023-06
6/2/2023 0:00,2023,6,June,Q2,2023-06
6/3/2023 0:00,2023,6,June,Q2,2023-06
6/4/2023 0:00,2023,6,June,Q2,2023-06
6/5/2023 0:00,2023,6,June,Q2,2023-06
6/6/2023 0:00,2023,6,June,Q2,2023-06
6/7/2023 0:00,2023,6,June,Q2,2023-06
6/8/2023 0:00,2023,6,June,Q2,2023-06
6/9/2023 0:00,2023,6,June,Q2,2023-06
6/10/2023 0:00,2023,6,June,Q2,2023-06
6/11/2023 0:00,2023,6,June,Q2,2023-06
6/12/2023 0:00,2023,6,June,Q2,2023-06
6/13/2023 0:00,2023,6,June,Q2,2023-06
6/14/2023 0:00,2023,6,June,Q2,2023-06
6/15/2023 0:00,2023,6,June,Q2,2023-06
6/16/2023 0:00,2023,6,June,Q2,2023-06
6/17/2023 0:00,2023,6,June,Q2,2023-06
6/18/2023 0:00,2023,6,June,Q2,2023-06
6/19/2023 0:00,2023,6,June,Q2,2023-06
6/20/2023 0:00,2023,6,June,Q2,2023-06
6/21/2023 0:00,2023,6,June,Q2,2023-06
6/22/2023 0:00,2023,6,June,Q2,2023-06
6/23/2023 0:00,2023,6,June,Q2,2023-06
6/24/2023 0:00,2023,6,June,Q2,2023-06
6/25/2023 0:00,2023,6,June,Q2,2023-06
6/26/2023 0:00,2023,6,June,Q2,2023-06
6/27/2023 0:00,2023,6,June,Q2,2023-06
6/28/2023 0:00,2023,6,June,Q2,2023-06
6/29/2023 0:00,2023,6,June,Q2,2023-06
6/30/2023 0:00,2023,6,June,Q2,2023-06
6/1/2024 0:00,2024,6,June,Q2,2024-06
6/2/2024 0:00,2024,6,June,Q2,2024-06
6/3/2024 0:00,2024,6,June,Q2,2024-06
6/4/2024 0:00,2024,6,June,Q2,2024-06
6/5/2024 0:00,2024,6,June,Q2,2024-06
6/6/2024 0:00,2024,6,June,Q2,2024-06
6/7/2024 0:00,2024,6,June,Q2,2024-06
6/8/2024 0:00,2024,6,June,Q2,2024-06
6/9/2024 0:00,2024,6,June,Q2,2024-06
6/10/2024 0:00,2024,6,June,Q2,2024-06
6/11/2024 0:00,2024,6,June,Q2,2024-06
6/12/2024 0:00,2024,6,June,Q2,2024-06
6/13/2024 0:00,2024,6,June,Q2,2024-06
6/14/2024 0:00,2024,6,June,Q2,2024-06
6/15/2024 0:00,2024,6,June,Q2,2024-06
6/16/2024 0:00,2024,6,June,Q2,2024-06
6/17/2024 0:00,2024,6,June,Q2,2024-06
6/18/2024 0:00,2024,6,June,Q2,2024-06
6/19/2024 0:00,2024,6,June,Q2,2024-06
6/20/2024 0:00,2024,6,June,Q2,2024-06
6/21/2024 0:00,2024,6,June,Q2,2024-06
6/22/2024 0:00,2024,6,June,Q2,2024-06
6/23/2024 0:00,2024,6,June,Q2,2024-06
6/24/2024 0:00,2024,6,June,Q2,2024-06
6/25/2024 0:00,2024,6,June,Q2,2024-06
6/26/2024 0:00,2024,6,June,Q2,2024-06
6/27/2024 0:00,2024,6,June,Q2,2024-06
6/28/2024 0:00,2024,6,June,Q2,2024-06
6/29/2024 0:00,2024,6,June,Q2,2024-06
6/30/2024 0:00,2024,6,June,Q2,2024-06
6/1/2025 0:00,2025,6,June,Q2,2025-06
6/2/2025 0:00,2025,6,June,Q2,2025-06
6/3/2025 0:00,2025,6,June,Q2,2025-06
6/4/2025 0:00,2025,6,June,Q2,2025-06
6/5/2025 0:00,2025,6,June,Q2,2025-06
6/6/2025 0:00,2025,6,June,Q2,2025-06
6/7/2025 0:00,2025,6,June,Q2,2025-06
6/8/2025 0:00,2025,6,June,Q2,2025-06
6/9/2025 0:00,2025,6,June,Q2,2025-06
6/10/2025 0:00,2025,6,June,Q2,2025-06
6/11/2025 0:00,2025,6,June,Q2,2025-06
6/12/2025 0:00,2025,6,June,Q2,2025-06
6/13/2025 0:00,2025,6,June,Q2,2025-06
6/14/2025 0:00,2025,6,June,Q2,2025-06
6/15/2025 0:00,2025,6,June,Q2,2025-06
6/16/2025 0:00,2025,6,June,Q2,2025-06
6/17/2025 0:00,2025,6,June,Q2,2025-06
6/18/2025 0:00,2025,6,June,Q2,2025-06
6/19/2025 0:00,2025,6,June,Q2,2025-06
6/20/2025 0:00,2025,6,June,Q2,2025-06
6/21/2025 0:00,2025,6,June,Q2,2025-06
6/22/2025 0:00,2025,6,June,Q2,2025-06
6/23/2025 0:00,2025,6,June,Q2,2025-06
6/24/2025 0:00,2025,6,June,Q2,2025-06
6/25/2025 0:00,2025,6,June,Q2,2025-06
6/26/2025 0:00,2025,6,June,Q2,2025-06
6/27/2025 0:00,2025,6,June,Q2,2025-06
6/28/2025 0:00,2025,6,June,Q2,2025-06
6/29/2025 0:00,2025,6,June,Q2,2025-06
6/30/2025 0:00,2025,6,June,Q2,2025-06
2/1/2022 0:00,2022,2,February,Q1,2022-02
2/2/2022 0:00,2022,2,February,Q1,2022-02
2/3/2022 0:00,2022,2,February,Q1,2022-02
2/4/2022 0:00,2022,2,February,Q1,2022-02
2/5/2022 0:00,2022,2,February,Q1,2022-02
2/6/2022 0:00,2022,2,February,Q1,2022-02
2/7/2022 0:00,2022,2,February,Q1,2022-02
2/8/2022 0:00,2022,2,February,Q1,2022-02
2/9/2022 0:00,2022,2,February,Q1,2022-02
2/10/2022 0:00,2022,2,February,Q1,2022-02
2/11/2022 0:00,2022,2,February,Q1,2022-02
2/12/2022 0:00,2022,2,February,Q1,2022-02
2/13/2022 0:00,2022,2,February,Q1,2022-02
2/14/2022 0:00,2022,2,February,Q1,2022-02
2/15/2022 0:00,2022,2,February,Q1,2022-02
2/16/2022 0:00,2022,2,February,Q1,2022-02
2/17/2022 0:00,2022,2,February,Q1,2022-02
2/18/2022 0:00,2022,2,February,Q1,2022-02
2/19/2022 0:00,2022,2,February,Q1,2022-02
2/20/2022 0:00,2022,2,February,Q1,2022-02
2/21/2022 0:00,2022,2,February,Q1,2022-02
2/22/2022 0:00,2022,2,February,Q1,2022-02
2/23/2022 0:00,2022,2,February,Q1,2022-02
2/24/2022 0:00,2022,2,February,Q1,2022-02
2/25/2022 0:00,2022,2,February,Q1,2022-02
2/26/2022 0:00,2022,2,February,Q1,2022-02
2/27/2022 0:00,2022,2,February,Q1,2022-02
2/28/2022 0:00,2022,2,February,Q1,2022-02
2/1/2023 0:00,2023,2,February,Q1,2023-02
2/2/2023 0:00,2023,2,February,Q1,2023-02
2/3/2023 0:00,2023,2,February,Q1,2023-02
2/4/2023 0:00,2023,2,February,Q1,2023-02
2/5/2023 0:00,2023,2,February,Q1,2023-02
2/6/2023 0:00,2023,2,February,Q1,2023-02
2/7/2023 0:00,2023,2,February,Q1,2023-02
2/8/2023 0:00,2023,2,February,Q1,2023-02
2/9/2023 0:00,2023,2,February,Q1,2023-02
2/10/2023 0:00,2023,2,February,Q1,2023-02
2/11/2023 0:00,2023,2,February,Q1,2023-02
2/12/2023 0:00,2023,2,February,Q1,2023-02
2/13/2023 0:00,2023,2,February,Q1,2023-02
2/14/2023 0:00,2023,2,February,Q1,2023-02
2/15/2023 0:00,2023,2,February,Q1,2023-02
2/16/2023 0:00,2023,2,February,Q1,2023-02
2/17/2023 0:00,2023,2,February,Q1,2023-02
2/18/2023 0:00,2023,2,February,Q1,2023-02
2/19/2023 0:00,2023,2,February,Q1,2023-02
2/20/2023 0:00,2023,2,February,Q1,2023-02
2/21/2023 0:00,2023,2,February,Q1,2023-02
2/22/2023 0:00,2023,2,February,Q1,2023-02
2/23/2023 0:00,2023,2,February,Q1,2023-02
2/24/2023 0:00,2023,2,February,Q1,2023-02
2/25/2023 0:00,2023,2,February,Q1,2023-02
2/26/2023 0:00,2023,2,February,Q1,2023-02
2/27/2023 0:00,2023,2,February,Q1,2023-02
2/28/2023 0:00,2023,2,February,Q1,2023-02
2/1/2024 0:00,2024,2,February,Q1,2024-02
2/2/2024 0:00,2024,2,February,Q1,2024-02
2/3/2024 0:00,2024,2,February,Q1,2024-02
2/4/2024 0:00,2024,2,February,Q1,2024-02
2/5/2024 0:00,2024,2,February,Q1,2024-02
2/6/2024 0:00,2024,2,February,Q1,2024-02
2/7/2024 0:00,2024,2,February,Q1,2024-02
2/8/2024 0:00,2024,2,February,Q1,2024-02
2/9/2024 0:00,2024,2,February,Q1,2024-02
2/10/2024 0:00,2024,2,February,Q1,2024-02
2/11/2024 0:00,2024,2,February,Q1,2024-02
2/12/2024 0:00,2024,2,February,Q1,2024-02
2/13/2024 0:00,2024,2,February,Q1,2024-02
2/14/2024 0:00,2024,2,February,Q1,2024-02
2/15/2024 0:00,2024,2,February,Q1,2024-02
2/16/2024 0:00,2024,2,February,Q1,2024-02
2/17/2024 0:00,2024,2,February,Q1,2024-02
2/18/2024 0:00,2024,2,February,Q1,2024-02
2/19/2024 0:00,2024,2,February,Q1,2024-02
2/20/2024 0:00,2024,2,February,Q1,2024-02
2/21/2024 0:00,2024,2,February,Q1,2024-02
2/22/2024 0:00,2024,2,February,Q1,2024-02
2/23/2024 0:00,2024,2,February,Q1,2024-02
2/24/2024 0:00,2024,2,February,Q1,2024-02
2/25/2024 0:00,2024,2,February,Q1,2024-02
2/26/2024 0:00,2024,2,February,Q1,2024-02
2/27/2024 0:00,2024,2,February,Q1,2024-02
2/28/2024 0:00,2024,2,February,Q1,2024-02
2/29/2024 0:00,2024,2,February,Q1,2024-02
2/1/2025 0:00,2025,2,February,Q1,2025-02
2/2/2025 0:00,2025,2,February,Q1,2025-02
2/3/2025 0:00,2025,2,February,Q1,2025-02
2/4/2025 0:00,2025,2,February,Q1,2025-02
2/5/2025 0:00,2025,2,February,Q1,2025-02
2/6/2025 0:00,2025,2,February,Q1,2025-02
2/7/2025 0:00,2025,2,February,Q1,2025-02
2/8/2025 0:00,2025,2,February,Q1,2025-02
2/9/2025 0:00,2025,2,February,Q1,2025-02
2/10/2025 0:00,2025,2,February,Q1,2025-02
2/11/2025 0:00,2025,2,February,Q1,2025-02
2/12/2025 0:00,2025,2,February,Q1,2025-02
2/13/2025 0:00,2025,2,February,Q1,2025-02
2/14/2025 0:00,2025,2,February,Q1,2025-02
2/15/2025 0:00,2025,2,February,Q1,2025-02
2/16/2025 0:00,2025,2,February,Q1,2025-02
2/17/2025 0:00,2025,2,February,Q1,2025-02
2/18/2025 0:00,2025,2,February,Q1,2025-02
2/19/2025 0:00,2025,2,February,Q1,2025-02
2/20/2025 0:00,2025,2,February,Q1,2025-02
2/21/2025 0:00,2025,2,February,Q1,2025-02
2/22/2025 0:00,2025,2,February,Q1,2025-02
2/23/2025 0:00,2025,2,February,Q1,2025-02
2/24/2025 0:00,2025,2,February,Q1,2025-02
2/25/2025 0:00,2025,2,February,Q1,2025-02
2/26/2025 0:00,2025,2,February,Q1,2025-02
2/27/2025 0:00,2025,2,February,Q1,2025-02
2/28/2025 0:00,2025,2,February,Q1,2025-02
3/1/2022 0:00,2022,3,March,Q1,2022-03
3/2/2022 0:00,2022,3,March,Q1,2022-03
3/3/2022 0:00,2022,3,March,Q1,2022-03
3/4/2022 0:00,2022,3,March,Q1,2022-03
3/5/2022 0:00,2022,3,March,Q1,2022-03
3/6/2022 0:00,2022,3,March,Q1,2022-03
3/7/2022 0:00,2022,3,March,Q1,2022-03
3/8/2022 0:00,2022,3,March,Q1,2022-03
3/9/2022 0:00,2022,3,March,Q1,2022-03
3/10/2022 0:00,2022,3,March,Q1,2022-03
3/11/2022 0:00,2022,3,March,Q1,2022-03
3/12/2022 0:00,2022,3,March,Q1,2022-03
3/13/2022 0:00,2022,3,March,Q1,2022-03
3/14/2022 0:00,2022,3,March,Q1,2022-03
3/15/2022 0:00,2022,3,March,Q1,2022-03
3/16/2022 0:00,2022,3,March,Q1,2022-03
3/17/2022 0:00,2022,3,March,Q1,2022-03
3/18/2022 0:00,2022,3,March,Q1,2022-03
3/19/2022 0:00,2022,3,March,Q1,2022-03
3/20/2022 0:00,2022,3,March,Q1,2022-03
3/21/2022 0:00,2022,3,March,Q1,2022-03
3/22/2022 0:00,2022,3,March,Q1,2022-03
3/23/2022 0:00,2022,3,March,Q1,2022-03
3/24/2022 0:00,2022,3,March,Q1,2022-03
3/25/2022 0:00,2022,3,March,Q1,2022-03
3/26/2022 0:00,2022,3,March,Q1,2022-03
3/27/2022 0:00,2022,3,March,Q1,2022-03
3/28/2022 0:00,2022,3,March,Q1,2022-03
3/29/2022 0:00,2022,3,March,Q1,2022-03
3/30/2022 0:00,2022,3,March,Q1,2022-03
3/31/2022 0:00,2022,3,March,Q1,2022-03
3/1/2023 0:00,2023,3,March,Q1,2023-03
3/2/2023 0:00,2023,3,March,Q1,2023-03
3/3/2023 0:00,2023,3,March,Q1,2023-03
3/4/2023 0:00,2023,3,March,Q1,2023-03
3/5/2023 0:00,2023,3,March,Q1,2023-03
3/6/2023 0:00,2023,3,March,Q1,2023-03
3/7/2023 0:00,2023,3,March,Q1,2023-03
3/8/2023 0:00,2023,3,March,Q1,2023-03
3/9/2023 0:00,2023,3,March,Q1,2023-03
3/10/2023 0:00,2023,3,March,Q1,2023-03
3/11/2023 0:00,2023,3,March,Q1,2023-03
3/12/2023 0:00,2023,3,March,Q1,2023-03
3/13/2023 0:00,2023,3,March,Q1,2023-03
3/14/2023 0:00,2023,3,March,Q1,2023-03
3/15/2023 0:00,2023,3,March,Q1,2023-03
3/16/2023 0:00,2023,3,March,Q1,2023-03
3/17/2023 0:00,2023,3,March,Q1,2023-03
3/18/2023 0:00,2023,3,March,Q1,2023-03
3/19/2023 0:00,2023,3,March,Q1,2023-03
3/20/2023 0:00,2023,3,March,Q1,2023-03
3/21/2023 0:00,2023,3,March,Q1,2023-03
3/22/2023 0:00,2023,3,March,Q1,2023-03
3/23/2023 0:00,2023,3,March,Q1,2023-03
3/24/2023 0:00,2023,3,March,Q1,2023-03
3/25/2023 0:00,2023,3,March,Q1,2023-03
3/26/2023 0:00,2023,3,March,Q1,2023-03
3/27/2023 0:00,2023,3,March,Q1,2023-03
3/28/2023 0:00,2023,3,March,Q1,2023-03
3/29/2023 0:00,2023,3,March,Q1,2023-03
3/30/2023 0:00,2023,3,March,Q1,2023-03
3/31/2023 0:00,2023,3,March,Q1,2023-03
3/1/2024 0:00,2024,3,March,Q1,2024-03
3/2/2024 0:00,2024,3,March,Q1,2024-03
3/3/2024 0:00,2024,3,March,Q1,2024-03
3/4/2024 0:00,2024,3,March,Q1,2024-03
3/5/2024 0:00,2024,3,March,Q1,2024-03
3/6/2024 0:00,2024,3,March,Q1,2024-03
3/7/2024 0:00,2024,3,March,Q1,2024-03
3/8/2024 0:00,2024,3,March,Q1,2024-03
3/9/2024 0:00,2024,3,March,Q1,2024-03
3/10/2024 0:00,2024,3,March,Q1,2024-03
3/11/2024 0:00,2024,3,March,Q1,2024-03
3/12/2024 0:00,2024,3,March,Q1,2024-03
3/13/2024 0:00,2024,3,March,Q1,2024-03
3/14/2024 0:00,2024,3,March,Q1,2024-03
3/15/2024 0:00,2024,3,March,Q1,2024-03
3/16/2024 0:00,2024,3,March,Q1,2024-03
3/17/2024 0:00,2024,3,March,Q1,2024-03
3/18/2024 0:00,2024,3,March,Q1,2024-03
3/19/2024 0:00,2024,3,March,Q1,2024-03
3/20/2024 0:00,2024,3,March,Q1,2024-03
3/21/2024 0:00,2024,3,March,Q1,2024-03
3/22/2024 0:00,2024,3,March,Q1,2024-03
3/23/2024 0:00,2024,3,March,Q1,2024-03
3/24/2024 0:00,2024,3,March,Q1,2024-03
3/25/2024 0:00,2024,3,March,Q1,2024-03
3/26/2024 0:00,2024,3,March,Q1,2024-03
3/27/2024 0:00,2024,3,March,Q1,2024-03
3/28/2024 0:00,2024,3,March,Q1,2024-03
3/29/2024 0:00,2024,3,March,Q1,2024-03
3/30/2024 0:00,2024,3,March,Q1,2024-03
3/31/2024 0:00,2024,3,March,Q1,2024-03
3/1/2025 0:00,2025,3,March,Q1,2025-03
3/2/2025 0:00,2025,3,March,Q1,2025-03
3/3/2025 0:00,2025,3,March,Q1,2025-03
3/4/2025 0:00,2025,3,March,Q1,2025-03
3/5/2025 0:00,2025,3,March,Q1,2025-03
3/6/2025 0:00,2025,3,March,Q1,2025-03
3/7/2025 0:00,2025,3,March,Q1,2025-03
3/8/2025 0:00,2025,3,March,Q1,2025-03
3/9/2025 0:00,2025,3,March,Q1,2025-03
3/10/2025 0:00,2025,3,March,Q1,2025-03
3/11/2025 0:00,2025,3,March,Q1,2025-03
3/12/2025 0:00,2025,3,March,Q1,2025-03
3/13/2025 0:00,2025,3,March,Q1,2025-03
3/14/2025 0:00,2025,3,March,Q1,2025-03
3/15/2025 0:00,2025,3,March,Q1,2025-03
3/16/2025 0:00,2025,3,March,Q1,2025-03
3/17/2025 0:00,2025,3,March,Q1,2025-03
3/18/2025 0:00,2025,3,March,Q1,2025-03
3/19/2025 0:00,2025,3,March,Q1,2025-03
3/20/2025 0:00,2025,3,March,Q1,2025-03
3/21/2025 0:00,2025,3,March,Q1,2025-03
3/22/2025 0:00,2025,3,March,Q1,2025-03
3/23/2025 0:00,2025,3,March,Q1,2025-03
3/24/2025 0:00,2025,3,March,Q1,2025-03
3/25/2025 0:00,2025,3,March,Q1,2025-03
3/26/2025 0:00,2025,3,March,Q1,2025-03
3/27/2025 0:00,2025,3,March,Q1,2025-03
3/28/2025 0:00,2025,3,March,Q1,2025-03
3/29/2025 0:00,2025,3,March,Q1,2025-03
3/30/2025 0:00,2025,3,March,Q1,2025-03
3/31/2025 0:00,2025,3,March,Q1,2025-03
1/1/2022 0:00,2022,1,January,Q1,2022-01
1/2/2022 0:00,2022,1,January,Q1,2022-01
1/3/2022 0:00,2022,1,January,Q1,2022-01
1/4/2022 0:00,2022,1,January,Q1,2022-01
1/5/2022 0:00,2022,1,January,Q1,2022-01
1/6/2022 0:00,2022,1,January,Q1,2022-01
1/7/2022 0:00,2022,1,January,Q1,2022-01
1/8/2022 0:00,2022,1,January,Q1,2022-01
1/9/2022 0:00,2022,1,January,Q1,2022-01
1/10/2022 0:00,2022,1,January,Q1,2022-01
1/11/2022 0:00,2022,1,January,Q1,2022-01
1/12/2022 0:00,2022,1,January,Q1,2022-01
1/13/2022 0:00,2022,1,January,Q1,2022-01
1/14/2022 0:00,2022,1,January,Q1,2022-01
1/15/2022 0:00,2022,1,January,Q1,2022-01
1/16/2022 0:00,2022,1,January,Q1,2022-01
1/17/2022 0:00,2022,1,January,Q1,2022-01
1/18/2022 0:00,2022,1,January,Q1,2022-01
1/19/2022 0:00,2022,1,January,Q1,2022-01
1/20/2022 0:00,2022,1,January,Q1,2022-01
1/21/2022 0:00,2022,1,January,Q1,2022-01
1/22/2022 0:00,2022,1,January,Q1,2022-01
1/23/2022 0:00,2022,1,January,Q1,2022-01
1/24/2022 0:00,2022,1,January,Q1,2022-01
1/25/2022 0:00,2022,1,January,Q1,2022-01
1/26/2022 0:00,2022,1,January,Q1,2022-01
1/27/2022 0:00,2022,1,January,Q1,2022-01
1/28/2022 0:00,2022,1,January,Q1,2022-01
1/29/2022 0:00,2022,1,January,Q1,2022-01
1/30/2022 0:00,2022,1,January,Q1,2022-01
1/31/2022 0:00,2022,1,January,Q1,2022-01
1/1/2023 0:00,2023,1,January,Q1,2023-01
1/2/2023 0:00,2023,1,January,Q1,2023-01
1/3/2023 0:00,2023,1,January,Q1,2023-01
1/4/2023 0:00,2023,1,January,Q1,2023-01
1/5/2023 0:00,2023,1,January,Q1,2023-01
1/6/2023 0:00,2023,1,January,Q1,2023-01
1/7/2023 0:00,2023,1,January,Q1,2023-01
1/8/2023 0:00,2023,1,January,Q1,2023-01
1/9/2023 0:00,2023,1,January,Q1,2023-01
1/10/2023 0:00,2023,1,January,Q1,2023-01
1/11/2023 0:00,2023,1,January,Q1,2023-01
1/12/2023 0:00,2023,1,January,Q1,2023-01
1/13/2023 0:00,2023,1,January,Q1,2023-01
1/14/2023 0:00,2023,1,January,Q1,2023-01
1/15/2023 0:00,2023,1,January,Q1,2023-01
1/16/2023 0:00,2023,1,January,Q1,2023-01
1/17/2023 0:00,2023,1,January,Q1,2023-01
1/18/2023 0:00,2023,1,January,Q1,2023-01
1/19/2023 0:00,2023,1,January,Q1,2023-01
1/20/2023 0:00,2023,1,January,Q1,2023-01
1/21/2023 0:00,2023,1,January,Q1,2023-01
1/22/2023 0:00,2023,1,January,Q1,2023-01
1/23/2023 0:00,2023,1,January,Q1,2023-01
1/24/2023 0:00,2023,1,January,Q1,2023-01
1/25/2023 0:00,2023,1,January,Q1,2023-01
1/26/2023 0:00,2023,1,January,Q1,2023-01
1/27/2023 0:00,2023,1,January,Q1,2023-01
1/28/2023 0:00,2023,1,January,Q1,2023-01
1/29/2023 0:00,2023,1,January,Q1,2023-01
1/30/2023 0:00,2023,1,January,Q1,2023-01
1/31/2023 0:00,2023,1,January,Q1,2023-01
1/1/2024 0:00,2024,1,January,Q1,2024-01
1/2/2024 0:00,2024,1,January,Q1,2024-01
1/3/2024 0:00,2024,1,January,Q1,2024-01
1/4/2024 0:00,2024,1,January,Q1,2024-01
1/5/2024 0:00,2024,1,January,Q1,2024-01
1/6/2024 0:00,2024,1,January,Q1,2024-01
1/7/2024 0:00,2024,1,January,Q1,2024-01
1/8/2024 0:00,2024,1,January,Q1,2024-01
1/9/2024 0:00,2024,1,January,Q1,2024-01
1/10/2024 0:00,2024,1,January,Q1,2024-01
1/11/2024 0:00,2024,1,January,Q1,2024-01
1/12/2024 0:00,2024,1,January,Q1,2024-01
1/13/2024 0:00,2024,1,January,Q1,2024-01
1/14/2024 0:00,2024,1,January,Q1,2024-01
1/15/2024 0:00,2024,1,January,Q1,2024-01
1/16/2024 0:00,2024,1,January,Q1,2024-01
1/17/2024 0:00,2024,1,January,Q1,2024-01
1/18/2024 0:00,2024,1,January,Q1,2024-01
1/19/2024 0:00,2024,1,January,Q1,2024-01
1/20/2024 0:00,2024,1,January,Q1,2024-01
1/21/2024 0:00,2024,1,January,Q1,2024-01
1/22/2024 0:00,2024,1,January,Q1,2024-01
1/23/2024 0:00,2024,1,January,Q1,2024-01
1/24/2024 0:00,2024,1,January,Q1,2024-01
1/25/2024 0:00,2024,1,January,Q1,2024-01
1/26/2024 0:00,2024,1,January,Q1,2024-01
1/27/2024 0:00,2024,1,January,Q1,2024-01
1/28/2024 0:00,2024,1,January,Q1,2024-01
1/29/2024 0:00,2024,1,January,Q1,2024-01
1/30/2024 0:00,2024,1,January,Q1,2024-01
1/31/2024 0:00,2024,1,January,Q1,2024-01
1/1/2025 0:00,2025,1,January,Q1,2025-01
1/2/2025 0:00,2025,1,January,Q1,2025-01
1/3/2025 0:00,2025,1,January,Q1,2025-01
1/4/2025 0:00,2025,1,January,Q1,2025-01
1/5/2025 0:00,2025,1,January,Q1,2025-01
1/6/2025 0:00,2025,1,January,Q1,2025-01
1/7/2025 0:00,2025,1,January,Q1,2025-01
1/8/2025 0:00,2025,1,January,Q1,2025-01
1/9/2025 0:00,2025,1,January,Q1,2025-01
1/10/2025 0:00,2025,1,January,Q1,2025-01
1/11/2025 0:00,2025,1,January,Q1,2025-01
1/12/2025 0:00,2025,1,January,Q1,2025-01
1/13/2025 0:00,2025,1,January,Q1,2025-01
1/14/2025 0:00,2025,1,January,Q1,2025-01
1/15/2025 0:00,2025,1,January,Q1,2025-01
1/16/2025 0:00,2025,1,January,Q1,2025-01
1/17/2025 0:00,2025,1,January,Q1,2025-01
1/18/2025 0:00,2025,1,January,Q1,2025-01
1/19/2025 0:00,2025,1,January,Q1,2025-01
1/20/2025 0:00,2025,1,January,Q1,2025-01
1/21/2025 0:00,2025,1,January,Q1,2025-01
1/22/2025 0:00,2025,1,January,Q1,2025-01
1/23/2025 0:00,2025,1,January,Q1,2025-01
1/24/2025 0:00,2025,1,January,Q1,2025-01
1/25/2025 0:00,2025,1,January,Q1,2025-01
1/26/2025 0:00,2025,1,January,Q1,2025-01
1/27/2025 0:00,2025,1,January,Q1,2025-01
1/28/2025 0:00,2025,1,January,Q1,2025-01
1/29/2025 0:00,2025,1,January,Q1,2025-01
1/30/2025 0:00,2025,1,January,Q1,2025-01
1/31/2025 0:00,2025,1,January,Q1,2025-01
